{
  "config": {
    "name": "backdoor_trimmed_mean_mnist_iid_5c",
    "dataset": "mnist",
    "num_clients": 5,
    "num_rounds": 5,
    "local_epochs": 1,
    "batch_size": 32,
    "learning_rate": 0.01,
    "partition": "iid",
    "attack_enabled": true,
    "attack_type": "backdoor",
    "malicious_clients": [
      0
    ],
    "poison_ratio": 0.1,
    "target_class": 0,
    "defense_enabled": true,
    "defense_type": "trimmed_mean",
    "num_malicious_assumed": 1,
    "trim_ratio": 0.1
  },
  "round_accuracies": [
    0.9554,
    0.9783,
    0.9835,
    0.9848,
    0.9877
  ],
  "round_losses": [
    0.25822901804447174,
    0.07030078521156684,
    0.0526479278297862,
    0.04581556986602955,
    0.037850283871532886
  ],
  "final_accuracy": 0.9877,
  "final_loss": 0.037850283871532886,
  "attack_success_rate": 0.0022172949002217295,
  "training_time_seconds": 151.43251252174377,
  "timestamp": "2025-12-09T17:01:50.504168"
}