{
  "config": {
    "name": "none_krum_mnist_iid_5c",
    "dataset": "mnist",
    "num_clients": 5,
    "num_rounds": 5,
    "local_epochs": 1,
    "batch_size": 32,
    "learning_rate": 0.01,
    "partition": "iid",
    "attack_enabled": false,
    "attack_type": "none",
    "malicious_clients": [],
    "poison_ratio": 0.1,
    "target_class": 0,
    "defense_enabled": true,
    "defense_type": "krum",
    "num_malicious_assumed": 1,
    "trim_ratio": 0.1
  },
  "round_accuracies": [
    0.9601,
    0.9769,
    0.9823,
    0.9849,
    0.9867
  ],
  "round_losses": [
    0.15357889548838138,
    0.07183790525053628,
    0.05620203462978825,
    0.04636007018843084,
    0.04186888831455726
  ],
  "final_accuracy": 0.9867,
  "final_loss": 0.04186888831455726,
  "attack_success_rate": null,
  "training_time_seconds": 150.6856951713562,
  "timestamp": "2025-12-09T16:54:11.773432"
}